Service,Component,Chức Năng,Lines of Code,Trạng Thái,Test Result
Service 1,Proto Files,Định nghĩa 5 RPCs,50,✅ Complete,Compiled OK
Service 1,Repository Layer,Database CRUD operations,150,✅ Complete,All queries working
Service 1,gRPC Server,5 handlers + validation logic,200,✅ Complete,All RPCs tested
Service 1,Main,Server startup & config,60,✅ Complete,Running on port 50051
Service 1,Database Connection,Connection pooling setup,40,✅ Complete,Max 10 connections
Service 2,Proto Files,Định nghĩa 5 RPCs,50,✅ Complete,Compiled OK
Service 2,gRPC Client,Call Service 1 for user info,80,✅ Complete,Inter-service OK
Service 2,Repository Layer,Database CRUD operations,200,✅ Complete,All queries working
Service 2,gRPC Server,5 handlers + data aggregation,250,✅ Complete,All RPCs tested
Service 2,Main,Server startup & config,70,✅ Complete,Running on port 50052
Service 2,Database Connection,Connection pooling setup,41,✅ Complete,Max 10 connections
TOTAL,-,-,1191,✅ Complete,All tests passed
